Assay,Enzyme,Time,Wavelength,Absorbance
1,wt,0,OD222,1.215
1,wt,1,OD222,1.197
1,wt,10,OD222,1.149
1,wt,20,OD222,1.099
1,wt,1320,OD222,1.11
1,wt,0,OD262,0.142
1,wt,1,OD262,0.132
1,wt,10,OD262,0.12
1,wt,20,OD262,0.103
1,wt,1320,OD262,0.068
2,wt,0,OD222,1.666
2,wt,10,OD222,1.43
2,wt,30,OD222,1.339
2,wt,60,OD222,1.277
2,wt,120,OD222,1.19
2,wt,1320,OD222,1.191
2,mut,0,OD222,1.644
2,mut,10,OD222,1.653
2,mut,30,OD222,1.596
2,mut,60,OD222,1.549
2,mut,120,OD222,1.474
2,mut,1320,OD222,1.417
2,trzn,0,OD222,1.644
2,trzn,10,OD222,1.584
2,trzn,30,OD222,1.597
2,trzn,60,OD222,1.618
2,trzn,120,OD222,1.641
2,trzn,1320,OD222,1.772
2,control,0,OD222,1.612
2,control,10,OD222,1.684
2,control,30,OD222,1.717
2,control,60,OD222,1.759
2,control,120,OD222,1.797
2,control,1320,OD222,1.948
2,wt,0,OD234,0.712
2,wt,10,OD234,0.688
2,wt,30,OD234,0.729
2,wt,60,OD234,0.78
2,wt,120,OD234,0.84
2,wt,1320,OD234,1.041
2,mut,0,OD234,0.699
2,mut,10,OD234,0.826
2,mut,30,OD234,0.874
2,mut,60,OD234,0.93
2,mut,120,OD234,0.978
2,mut,1320,OD234,1.151
2,trzn,0,OD234,0.701
2,trzn,10,OD234,0.687
2,trzn,30,OD234,0.691
2,trzn,60,OD234,0.702
2,trzn,120,OD234,0.718
2,trzn,1320,OD234,0.848
2,control,0,OD234,0.683
2,control,10,OD234,0.724
2,control,30,OD234,0.735
2,control,60,OD234,0.753
2,control,120,OD234,0.768
2,control,1320,OD234,0.835
2,wt,0,OD262,0.186
2,wt,10,OD262,0.112
2,wt,30,OD262,0.082
2,wt,60,OD262,0.057
2,wt,120,OD262,0.034
2,wt,1320,OD262,0.004
2,mut,0,OD262,0.165
2,mut,10,OD262,0.202
2,mut,30,OD262,0.182
2,mut,60,OD262,0.172
2,mut,120,OD262,0.149
2,mut,1320,OD262,0.109
2,trzn,0,OD262,0.165
2,trzn,10,OD262,0.148
2,trzn,30,OD262,0.142
2,trzn,60,OD262,0.146
2,trzn,120,OD262,0.154
2,trzn,1320,OD262,0.161
2,control,0,OD262,0.161
2,control,10,OD262,0.173
2,control,30,OD262,0.172
2,control,60,OD262,0.175
2,control,120,OD262,0.178
2,control,1320,OD262,0.191
